Species,NewChrom,ChromArm,MbDNA_Female,Female_UR,Female_Rep,Female_Unrep,MbDNA_Male,Male_UR,Male_Rep,Male_Unrep,SexDiff,SexDiffRep,SexDiffUnrep,Chromosomes,Groups,Sex System,FemaleTree,MaleTree,GroupFemale,GroupMale,Montium,Female.Chrom.Tree,Female.Arm.Tree
Chymomyza_amoena,4,6,395.2,NA,NA,NA,384.8,NA,NA,NA,20.8,NA,NA,4,Outgroup,XY,Other,Other,OutgroupOther,OutgroupOther,Other,Other,6
Chymomyza_procnemis,4,6,298.2,NA,NA,NA,262.4,NA,NA,NA,71.6,NA,NA,4,Outgroup,X0,Other,Other,OutgroupOther,OutgroupOther,Other,Other,6
Drosophila_arizonae,NA,NA,175.4,0.962,168.7,6.7,173.9,NA,NA,NA,3,NA,NA,NA,Drosophila,XY,Female,Other,DrosophilaFemale,DrosophilaOther,DrosophilaOther,NA,NA
Drosophila_mojavensis,6,6,165.6,0.965,159.8,5.8,168.7,NA,NA,NA,-6.1,NA,NA,6,Drosophila,XY,Female,Other,DrosophilaFemale,DrosophilaOther,DrosophilaOther,6,6
Drosophila_mayaguana,NA,NA,170,0.987,167.8,2.2,161.7,0.945,152.8,8.9,16.6,30,-13.367,NA,Drosophila,NA,Female,Male,DrosophilaFemale,DrosophilaMale,DrosophilaOther,NA,NA
Drosophila_navojoa,NA,NA,170,0.964,163.9,6.1,156.2,0.963,150.4,5.8,27.6,26.9,0.6812,NA,Drosophila,NA,Female,Male,DrosophilaFemale,DrosophilaMale,DrosophilaOther,NA,NA
Drosophila_mulleri,6,6,168.3,0.927,156,12.3,158.9,0.905,143.8,15.1,18.8,24.4,-5.6192,6,Drosophila,XY,Female,Male,DrosophilaFemale,DrosophilaMale,DrosophilaOther,6,6
Drosophila_buzzatii,6,6,179.9,0.984,177,2.9,169,0.971,164.1,4.9,21.8,25.8,-4.0452,6,Drosophila,XY,Female,Male,DrosophilaFemale,DrosophilaMale,DrosophilaOther,6,6
Drosophila_mercatorum,5,6,171.8,0.921,158.2,13.6,159.1,NA,NA,NA,25.5,NA,NA,5,Drosophila,XY,Female,Other,DrosophilaFemale,DrosophilaOther,DrosophilaOther,5,6
Drosophila_repleta,6,6,187.5,0.829,155.4,32.1,165.5,0.957,158.4,7.1,44,-5.9,49.892,6,Drosophila,XY,Female,Male,DrosophilaFemale,DrosophilaMale,DrosophilaOther,6,6
Drosophila_limensis,6,6,203.1,0.927,188.3,14.8,192.9,0.893,172.3,20.6,20.4,32,-11.628,6,Drosophila,XY,Female,Male,DrosophilaFemale,DrosophilaMale,DrosophilaOther,6,6
Drosophila_anceps,6,6,201.8,0.789,159.2,42.6,207.5,0.737,152.9,54.6,-11.4,12.6,-23.9854,6,Drosophila,XY,Female,Male,DrosophilaFemale,DrosophilaMale,DrosophilaOther,6,6
Drosophila_eohydei,6,6,231,0.625,144.4,86.6,218.7,0.608,133,85.7,24.6,22.8,1.7892,6,Drosophila,XY,Female,Male,DrosophilaFemale,DrosophilaMale,DrosophilaOther,6,6
Drosophila_hydei,6,7,207.4,0.789,163.6,43.8,199.5,NA,NA,NA,15.8,NA,NA,6,Drosophila,XY,Female,Other,DrosophilaFemale,DrosophilaOther,DrosophilaOther,6,7
Drosophila_bromeliae,4,6,145.2,0.992,144,1.2,137.5,0.88,121,16.5,7.7,46.1,-30.6768,4,Drosophila,XY,Female,Male,DrosophilaFemale,DrosophilaMale,DrosophilaOther,4,6
Drosophila_acanthoptera,5,8,155.8,0.829,129.2,26.6,145.6,0.747,108.8,36.8,20.4,40.8,-20.39,5,Drosophila,XY,Female,Male,DrosophilaFemale,DrosophilaMale,DrosophilaOther,5,8
Drosophila_pachea,5,8,176.5,0.694,122.5,54,148.3,0.666,98.8,49.5,56.4,47.4,8.9536,4,Drosophila,XY,Female,Male,DrosophilaFemale,DrosophilaMale,DrosophilaOther,5,8
Drosophila_nannoptera,5,10,245.9,0.494,121.5,124.4,250.1,0.412,103,147.1,-8.4,36.9,-45.2668,5,Drosophila,XY,Female,Male,DrosophilaFemale,DrosophilaMale,DrosophilaOther,5,10
Drosophila_euronotus,5,7,176.8,0.854,151,25.8,174.3,0.693,120.8,53.5,2.5,60.4,-55.3946,5,Drosophila,Neo,Female,Male,DrosophilaFemale,DrosophilaMale,DrosophilaOther,5,7
Drosophila_paramelanica,5,7,192.1,0.754,144.8,47.3,191.6,0.667,127.8,63.8,1,34.1,-33.0924,5,Drosophila,Neo,Female,Male,DrosophilaFemale,DrosophilaMale,DrosophilaOther,5,7
Drosophila_melanica,5,7,175.9,0.829,145.8,30.1,175.3,0.665,116.6,58.7,0.6,58.5,-57.2932,5,Drosophila,Neo,Female,Male,DrosophilaFemale,DrosophilaMale,DrosophilaOther,5,7
Drosophila_micromelanica,6,6,206.4,0.773,159.5,46.9,207.1,0.682,141.2,65.9,-0.7,36.6,-38.01,5,Drosophila,XY,Female,Male,DrosophilaFemale,DrosophilaMale,DrosophilaOther,6,6
Drosophila_robusta,4,6,241.6,0.685,165.5,76.1,249.6,0.566,141.3,108.3,-16,48.4,-64.4448,4,Drosophila,Neo,Female,Male,DrosophilaFemale,DrosophilaMale,DrosophilaOther,4,6
Drosophila_lacertosa,6,11,298,0.563,167.8,130.2,303.1,0.495,150,153.1,-10.2,35.5,-45.679,6,Drosophila,Neo,Female,Male,DrosophilaFemale,DrosophilaMale,DrosophilaOther,6,11
Drosophila_sordidula,5,7,227.6,0.733,166.8,60.8,229.3,0.644,147.7,81.6,-3.4,38.3,-41.7232,5,Drosophila,Neo,Female,Male,DrosophilaFemale,DrosophilaMale,DrosophilaOther,5,7
Drosophila_borealis,5,5,257.8,0.755,194.6,63.2,261.5,0.699,182.8,78.7,-7.4,23.7,-31.101,6,Drosophila,XY,Female,Male,DrosophilaFemale,DrosophilaMale,DrosophilaOther,5,5
Drosophila_montana,6,7,240.6,0.833,200.4,40.2,242.8,0.81,196.7,46.1,-4.4,7.5,-11.9036,6,Drosophila,XY,Female,Male,DrosophilaFemale,DrosophilaMale,DrosophilaOther,6,7
Drosophila_flavomontana,6,7,259.5,0.74,192,67.5,259.3,0.689,178.7,80.6,0.4,26.7,-26.3446,6,Drosophila,XY,Female,Male,DrosophilaFemale,DrosophilaMale,DrosophilaOther,6,7
Drosophila_littoralis,6,7,253.1,0.72,182.2,70.9,260.1,0.66,171.7,88.4,-14,21.1,-35.132,5,Drosophila,XY,Female,Male,DrosophilaFemale,DrosophilaMale,DrosophilaOther,6,7
Drosophila_ezoana,6,7,192.9,0.902,174,18.9,197.9,0.781,154.6,43.3,-10,38.9,-48.8718,6,Drosophila,XY,Female,Male,DrosophilaFemale,DrosophilaMale,DrosophilaOther,6,7
Drosophila_kanekoi,6,7,256.4,0.666,170.8,85.6,254.4,0.596,151.6,102.8,4,38.3,-34.28,6,Drosophila,XY,Female,Male,DrosophilaFemale,DrosophilaMale,DrosophilaOther,6,7
Drosophila_lacicola,6,7,196,0.923,180.9,15.1,192.4,0.808,155.5,36.9,7.2,50.9,-43.6976,6,Drosophila,XY,Female,Male,DrosophilaFemale,DrosophilaMale,DrosophilaOther,6,7
Drosophila_lummei,6,6,312.7,0.537,167.9,144.8,308.5,0.55,169.7,138.8,8.4,-3.5,11.9102,6,Drosophila,XY,Female,Male,DrosophilaFemale,DrosophilaMale,DrosophilaOther,6,6
Drosophila_novamexicana,6,6,249.3,0.792,197.4,51.9,252.7,0.656,165.8,86.9,-6.7,63.3,-70.1488,6,Drosophila,XY,Female,Male,DrosophilaFemale,DrosophilaMale,DrosophilaOther,6,6
Drosophila_virilis,6,6,325.4,0.565,183.9,141.5,338.2,0.494,167.1,171.1,-25.6,33.6,-59.1604,6,Drosophila,XY,Female,Male,DrosophilaFemale,DrosophilaMale,DrosophilaOther,6,6
Drosophila_polychaeta,6,9,202.5,0.733,148.4,54.1,206,0.694,143,63,-7,10.9,-17.937,6,Drosophila,XY,Female,Male,DrosophilaFemale,DrosophilaMale,DrosophilaOther,6,9
Drosophila_pseudotalamancana,5,NA,191.6,0.903,173,18.6,194.9,0.763,148.7,46.2,-3.3,48.6,-55.2122,5,Drosophila,XY,Female,Male,DrosophilaFemale,DrosophilaMale,DrosophilaOther,5,NA
Scaptomyza_anomala,5,6,200.2,0.942,188.6,11.6,193.1,0.897,173.2,19.9,14.2,30.8,-16.5554,NA,Drosophila,XY,Female,Male,DrosophilaFemale,DrosophilaMale,DrosophilaOther,5,6
Zaprionus_bogoriensis,6,6,224.3,0.869,194.9,29.4,226.9,0.694,157.5,69.4,-5.2,74.9,58.7666,6,Drosophila,XY,Female,Male,DrosophilaFemale,DrosophilaMale,DrosophilaOther,6,6
Zaprionus_ghesquierei,6,6,174.5,0.895,156.2,18.3,174.9,0.733,128.2,46.7,-0.8,56,-56.7516,6,Drosophila,XY,Female,Male,DrosophilaFemale,DrosophilaMale,DrosophilaOther,6,6
Zaprionus_taronus,NA,NA,203.2,0.801,162.8,40.4,199.9,0.622,124.3,75.6,6.6,76.9,-70.2508,NA,Drosophila,NA,Female,Male,DrosophilaFemale,DrosophilaMale,DrosophilaOther,Other,NA
Zaprionus_lachaisei,NA,NA,194.3,0.777,151,43.3,187.7,0.779,146.2,41.5,13.2,9.5,3.6944,NA,Drosophila,NA,Female,Male,DrosophilaFemale,DrosophilaMale,DrosophilaOther,Other,NA
Zaprionus_indianus,6,NA,234.8,0.856,201,33.8,229.9,0.645,148.3,81.6,9.8,105.4,-95.6,6,Drosophila,XY,Female,Male,DrosophilaFemale,DrosophilaMale,DrosophilaOther,6,NA
Zaprionus_kolodkinae,NA,NA,199.3,0.784,156.3,43,195.5,0.772,150.9,44.6,7.6,10.7,-3.0504,NA,Drosophila,NA,Female,Male,DrosophilaFemale,DrosophilaMale,DrosophilaOther,Other,NA
Zaprionus_tuberculatus,6,6,198.1,0.77,152.5,45.6,199.2,0.67,133.5,65.7,-2.2,38.1,-40.346,6,Drosophila,XY,Female,Male,DrosophilaFemale,DrosophilaMale,DrosophilaOther,6,6
Zaprionus_sepsoides,6,6,211.8,0.79,167.3,44.5,210.2,0.69,145,65.2,3.2,44.6,-41.368,6,Drosophila,XY,Female,Male,DrosophilaFemale,DrosophilaMale,DrosophilaOther,6,6
Zaprionus_inermis,6,6,203.1,0.861,174.9,28.2,202,0.686,138.6,63.4,2.2,72.6,-70.3942,6,Drosophila,XY,Female,Male,DrosophilaFemale,DrosophilaMale,DrosophilaOther,6,6
Zaprionus_tsacasi,NA,NA,221.8,0.719,159.5,62.3,221.1,0.666,147.3,73.8,1.4,24.4,-23.0432,NA,Drosophila,XY,Female,Male,DrosophilaFemale,DrosophilaMale,DrosophilaOther,Other,NA
Drosophila_immigrans,4,5,265.2,0.716,189.9,75.3,262.9,0.597,157,105.9,2.3,65.9,-61.2638,4,Drosophila,XY,Female,Male,DrosophilaFemale,DrosophilaMale,DrosophilaOther,4,5
Drosophila_albomicans,3,5,215.9,0.876,189.1,26.8,220.6,NA,NA,NA,-9.4,NA,NA,3,Drosophila,Neo,Female,Other,DrosophilaFemale,DrosophilaOther,DrosophilaOther,3,5
Drosophila_nasuta,4,5,242.4,0.636,154.2,88.2,245.7,0.595,146.2,99.5,-3.3,15.9,-22.5498,4,Drosophila,XY,Female,Male,DrosophilaFemale,DrosophilaMale,DrosophilaOther,4,5
Drosophila_neohypocausta,3,4,165.7,0.94,155.8,9.9,165.6,0.89,147.4,18.2,0.1,16.7,-16.548,3,Drosophila,XY,Female,Male,DrosophilaFemale,DrosophilaMale,DrosophilaOther,3,4
Drosophila_kepulauana,4,5,224.6,0.703,157.9,66.7,237.3,0.649,154,83.3,-12.7,7.8,-33.1722,4,Drosophila,XY,Female,Male,DrosophilaFemale,DrosophilaMale,DrosophilaOther,4,5
Drosophila_kohkoa,4,5,271.9,0.609,165.6,106.3,255.6,0.586,149.8,105.8,16.3,31.6,0.989,4,Drosophila,XY,Female,Male,DrosophilaFemale,DrosophilaMale,DrosophilaOther,4,5
Drosophila_hypocausta,4,5,190.6,0.794,151.3,39.3,185.9,0.665,123.6,62.3,4.7,55.4,-46.0258,4,Drosophila,XY,Female,Male,DrosophilaFemale,DrosophilaMale,DrosophilaOther,4,5
Drosophila_rubida,4,5,218.7,0.615,134.5,84.2,213.42,0.576,122.9,90.5,5.3,23.1,-12.58116,4,Drosophila,XY,Female,Male,DrosophilaFemale,DrosophilaMale,DrosophilaOther,4,5
Drosophila_mediopictoides,6,7,188,0.788,148.1,39.9,184.3,0.69,127.2,57.1,7.4,42,-34.554,6,Drosophila,XY,Female,Male,DrosophilaFemale,DrosophilaMale,DrosophilaOther,6,7
Drosophila_guttifera,6,6,186.3,0.938,174.7,11.6,173.2,0.963,166.8,6.4,13.1,15.9,10.2844,6,Drosophila,XY,Female,Male,DrosophilaFemale,DrosophilaMale,DrosophilaOther,6,6
Drosophila_palustris,6,6,219.1,0.789,172.9,46.2,212.1,0.695,147.4,64.7,14,50.9,-36.9208,6,Drosophila,XY,Female,Male,DrosophilaFemale,DrosophilaMale,DrosophilaOther,6,6
Drosophila_subpalustris,6,6,214.7,0.767,164.7,50,212.2,0.662,140.5,71.7,5,48.4,-43.397,6,Drosophila,XY,Female,Male,DrosophilaFemale,DrosophilaMale,DrosophilaOther,6,6
Drosophila_phalerata,6,6,240.3,0.716,172.1,68.2,233.3,0.637,148.6,84.7,14,46.9,-32.8854,6,Drosophila,XY,Female,Male,DrosophilaFemale,DrosophilaMale,DrosophilaOther,6,6
Drosophila_funebris,6,6,221.1,0.748,165.4,55.7,219.8,0.664,145.9,73.9,1.3,38.9,-36.2712,6,Drosophila,XY,Female,Male,DrosophilaFemale,DrosophilaMale,DrosophilaOther,6,6
Drosophila_arawakana,4,6,181.1,0.796,144.2,36.9,186.4,0.697,129.9,56.5,-5.3,28.5,-39.0696,4,Drosophila,XY,Female,Male,DrosophilaFemale,DrosophilaMale,DrosophilaOther,4,6
Drosophila_dunni,4,6,286.1,0.587,167.9,118.2,287,0.513,147.2,139.8,-0.9,41.4,-43.2194,5,Drosophila,XY,Female,Male,DrosophilaFemale,DrosophilaMale,DrosophilaOther,4,6
Drosophila_polymorpha,4,6,179.2,0.804,144.1,35.1,171.2,0.798,136.6,34.6,8,14.9,1.0816,4,Drosophila,XY,Female,Male,DrosophilaFemale,DrosophilaMale,DrosophilaOther,4,6
Drosophila_cardini,6,6,215.7,0.734,158.3,57.4,212.5,0.672,142.8,69.7,3.2,31,-24.6476,6,Drosophila,XY,Female,Male,DrosophilaFemale,DrosophilaMale,DrosophilaOther,6,6
Drosophila_ornatifrons,6,7,291.3,0.683,199,92.3,286.1,0.592,169.4,116.7,5.2,59.2,-48.7734,6,Drosophila,XY,Female,Male,DrosophilaFemale,DrosophilaMale,DrosophilaOther,6,7
Drosophila_tripunctata,6,6,184.4,0.792,146,38.4,184.5,0.735,135.6,48.9,-0.2,20.9,-21.0746,NA,Drosophila,NA,Female,Male,DrosophilaFemale,DrosophilaMale,DrosophilaOther,6,6
Drosophila_pallidipennis,6,7,330.9,0.5,165.5,165.5,325,0.468,152.1,172.9,11.8,26.7,-14.9,6,Drosophila,XY,Female,Male,DrosophilaFemale,DrosophilaMale,DrosophilaOther,6,7
Samoaia_leonensis,4,7,261.8,NA,NA,NA,260.4,NA,NA,NA,2.8,NA,NA,4,Drosophila,XY,Other,Other,DrosophilaOther,DrosophilaOther,DrosophilaOther,Other,7
Hirtodrosophila_pictiventris,4,6,162.8,NA,NA,NA,142.3,NA,NA,NA,41.1,NA,NA,NA,Drosophila,X0,Other,Other,DrosophilaOther,DrosophilaOther,DrosophilaOther,Other,6
Drosophila_busckii,3,5,134.7,0.959,129.2,5.5,136.5,0.852,116.3,20.2,-1.8,25.8,-29.3586,4,Drosophila,Neo,Female,Male,DrosophilaFemale,DrosophilaMale,DrosophilaOther,3,5
Scaptodrosophila_latifasciaeformis,3,6,201.7,0.84,169.4,32.3,201.8,0.82,165.5,36.3,-0.2,7.9,-8.104,NA,Drosophila,NA,Female,Male,DrosophilaFemale,DrosophilaMale,DrosophilaOther,3,6
Drosophila_affinis,5,8,208.1,0.878,182.7,25.4,184.8,0.828,153,31.8,46.6,59.4,-12.7948,5,Sophophora,XY,Female,Male,SophophoraFemale,SophophoraMale,SopophoraOther,5,8
Drosophila_algonquin,5,8,205.2,0.941,193.1,12.1,194.2,0.845,164.1,30.1,22,58,-35.9884,5,Sophophora,XY,Female,Male,SophophoraFemale,SophophoraMale,SopophoraOther,5,8
Drosophila_azteca,5,9,202.2,0.893,180.6,21.6,192.2,0.768,147.6,44.6,20,65.9,-45.91,5,Sophophora,XY,Female,Male,SophophoraFemale,SophophoraMale,SopophoraOther,5,9
Drosophila_tolteca,5,8,179,NA,NA,NA,168.7,NA,NA,NA,20.5,NA,NA,5,Sophophora,XY,Other,Other,SophophoraOther,SophophoraOther,SopophoraOther,Other,8
Drosophila_narragansett,5,8,205.9,NA,NA,NA,203.4,NA,NA,NA,4.9,NA,NA,5,Sophophora,XY,Other,Other,SophophoraOther,SophophoraOther,SopophoraOther,Other,8
Drosophila_miranda,5,6,211.9,0.859,182,29.9,199.6,0.859,171.5,28.1,24.6,21.1,3.4686,5,Sophophora,Neo,Female,Male,SophophoraFemale,SophophoraMale,SopophoraOther,5,6
Drosophila_persimilis,5,6,197.1,0.922,181.7,15.4,167.7,0.892,149.6,18.1,58.7,64.3,-5.4756,5,Sophophora,XY,Female,Male,SophophoraFemale,SophophoraMale,SopophoraOther,5,6
Drosophila_pseudoobscura,5,6,180.8,0.867,156.8,24,161.3,0.886,142.9,18.4,39,27.7,11.3164,5,Sophophora,Neo,Female,Male,SophophoraFemale,SophophoraMale,SopophoraOther,5,6
Drosophila_ambigua,5,9,188.4,0.895,168.6,19.8,176.5,0.853,150.6,25.9,23.8,36.1,-12.327,5,Sophophora,XY,Female,Male,SophophoraFemale,SophophoraMale,SopophoraOther,5,9
Drosophila_bifasciata,5,9,210.6,0.856,180.3,30.3,196.2,0.832,163.2,33,28.8,34.1,-5.2704,5,Sophophora,XY,Female,Male,SophophoraFemale,SophophoraMale,SopophoraOther,5,9
Drosophila_auraria,4,6,254.4,0.789,200.7,53.7,248.4,0.772,191.8,56.6,12,17.9,-5.9136,4,Sophophora,XY,Female,Male,SophophoraFemale,SophophoraMale,Montium,4,6
Drosophila_quadraria,3,5,252.1,0.714,180,72.1,248.4,NA,NA,NA,7.4,NA,NA,3,Sophophora,XY,Female,Other,SophophoraFemale,SophophoraOther,Montium,3,5
Drosophila_triauraria,3,5,256.7,0.758,194.6,62.1,252.4,0.7,176.7,75.7,8.6,35.8,-27.1972,3,Sophophora,XY,Female,Male,SophophoraFemale,SophophoraMale,Montium,3,5
Drosophila_biauraria,3,5,237.2,NA,NA,NA,211.2,NA,NA,NA,51.8,NA,NA,3,Sophophora,XY,Other,Other,SophophoraOther,SophophoraOther,Montium,Other,5
Drosophila_lacteicornis,4,7,248.6,0.787,195.6,53,230.7,0.786,181.3,49.4,35.8,28.6,7.164,4,Sophophora,XY,Female,Male,SophophoraFemale,SophophoraMale,Montium,4,7
Drosophila_rufa,4,6,256.8,0.84,215.7,41.1,246,0.861,211.8,34.2,21.6,7.8,13.788,4,Sophophora,XY,Female,Male,SophophoraFemale,SophophoraMale,Montium,4,6
Drosophila_tani,NA,NA,211.5,0.803,169.8,41.7,200.8,0.832,167.1,33.7,21.5,5.5,15.8622,NA,Sophophora,NA,Female,Male,SophophoraFemale,SophophoraMale,Montium,Other,NA
Drosophila_pectinifera,NA,NA,297.4,0.765,227.5,69.9,280.4,NA,NA,NA,34.1,NA,NA,NA,Sophophora,NA,Female,Other,SophophoraFemale,SophophoraOther,Montium,Other,NA
Drosophila_baimaii,4,7,279.2,0.764,213.3,65.9,273.6,0.762,208.5,65.1,11.2,9.7,1.5488,4,Sophophora,XY,Female,Male,SophophoraFemale,SophophoraMale,Montium,4,7
Drosophila_birchii,4,7,191.2,NA,NA,NA,190.4,NA,NA,NA,1.6,NA,NA,4,Sophophora,XY,Other,Other,SophophoraOther,SophophoraOther,Montium,Other,7
Drosophila_mayri,4,7,262.2,0.83,217.6,44.6,256.2,0.8,205,51.2,12,25.3,-13.332,4,Sophophora,XY,Female,Male,SophophoraFemale,SophophoraMale,Montium,4,7
Drosophila_barbarae,4,7,289.6,0.82,237.5,52.1,279.2,0.72,201,78.2,20.8,72.9,-52.096,4,Sophophora,XY,Female,Male,SophophoraFemale,SophophoraMale,Montium,4,7
Drosophila_bicornuta,4,6,245,0.838,205.3,39.7,226.6,0.809,183.3,43.3,36.8,44,-7.1812,4,Sophophora,XY,Female,Male,SophophoraFemale,SophophoraMale,Montium,4,6
Drosophila_nikananu,4,6,219.7,0.883,194,25.7,220.6,0.864,190.6,30,-1.8,6.8,-8.5934,4,Sophophora,XY,Female,Male,SophophoraFemale,SophophoraMale,Montium,4,6
Drosophila_diplacantha,NA,NA,273.2,0.824,225.1,48.1,270.4,0.796,215.2,55.2,5.6,19.8,-14.1568,NA,Sophophora,NA,Female,Male,SophophoraFemale,SophophoraMale,Montium,Other,NA
Drosophila_vulcana,4,6,226,0.813,183.7,42.3,221.1,0.846,187.1,34,9.8,-6.6,16.4252,4,Sophophora,XY,Female,Male,SophophoraFemale,SophophoraMale,Montium,4,6
Drosophila_tsacasi,4,6,224.8,0.795,178.7,46.1,211.5,0.785,166,45.5,26.6,25.4,1.223,4,Sophophora,XY,Female,Male,SophophoraFemale,SophophoraMale,Montium,4,6
Drosophila_seguyi,4,7,249.1,0.851,212,37.1,245.3,0.83,203.6,41.7,7.6,16.8,-9.1702,4,Sophophora,XY,Female,Male,SophophoraFemale,SophophoraMale,Montium,4,7
Drosophila_greeni,4,6,244.1,0.823,200.9,43.2,236.7,0.784,185.6,51.1,14.8,30.6,-15.843,4,Sophophora,XY,Female,Male,SophophoraFemale,SophophoraMale,Montium,4,6
Drosophila_serrata,4,7,226.7,0.887,201.1,25.6,215.8,0.75,161.9,54,21.8,78.5,-56.6658,4,Sophophora,XY,Female,Male,SophophoraFemale,SophophoraMale,Montium,4,7
Drosophila_bunnanda,NA,NA,238.3,0.69,164.4,73.9,232.5,0.61,141.8,90.7,11.6,45.2,-33.604,NA,Sophophora,NA,Female,Male,SophophoraFemale,SophophoraMale,Montium,Other,NA
Drosophila_punjabiensis,4,7,200,0.844,168.8,31.2,194.9,0.823,160.4,34.5,10.2,16.8,-6.5946,4,Sophophora,XY,Female,Male,SophophoraFemale,SophophoraMale,Montium,4,7
Drosophila_orosa,3,5,215.3,0.84,180.9,34.4,216.2,0.889,192.2,24,-1.8,-22.7,20.8996,3,Sophophora,XY,Female,Male,SophophoraFemale,SophophoraMale,Montium,3,5
Drosophila_kikkawai,4,7,223,0.84,187.3,35.7,223.5,0.73,163.2,60.3,-1,48.3,-49.33,4,Sophophora,XY,Female,Male,SophophoraFemale,SophophoraMale,Montium,4,7
Drosophila_jambulina,4,7,219,0.823,180.2,38.8,210.4,0.784,165,45.4,17.2,30.6,-13.3668,4,Sophophora,XY,Female,Male,SophophoraFemale,SophophoraMale,Montium,4,7
Drosophila_kanapiae,3,5,168.6,0.909,153.3,15.3,164.8,0.877,144.5,20.3,7.6,17.5,-9.8556,3,Sophophora,XY,Female,Male,SophophoraFemale,SophophoraMale,Montium,3,5
Drosophila_ficusphila,4,6,201.8,0.74,149.3,52.5,192.8,0.71,136.9,55.9,18,24.9,-6.888,4,Sophophora,XY,Female,Male,SophophoraFemale,SophophoraMale,SophophoraOther,4,6
Drosophila_erecta,4,6,184.2,0.79,145.5,38.7,184.8,NA,NA,NA,-1.2,NA,NA,4,Sophophora,XY,Female,Other,SophophoraFemale,SophophoraOther,SophophoraOther,4,6
Drosophila_orena,4,7,280.7,NA,NA,NA,280.7,NA,NA,NA,0,NA,NA,NA,Sophophora,NA,Other,Other,SophophoraOther,SophophoraOther,SophophoraOther,Other,7
Drosophila_santomea,NA,NA,181.9,0.76,138.2,43.7,178.3,0.81,144.4,33.9,7.2,-12.4,19.558,NA,Sophophora,NA,Female,Male,SophophoraFemale,SophophoraMale,SophophoraOther,Other,NA
Drosophila_yakuba,4,6,180.6,0.79,142.7,37.9,178.9,0.75,134.2,44.7,3.4,17,-13.598,4,Sophophora,XY,Female,Male,SophophoraFemale,SophophoraMale,SophophoraOther,4,6
Drosophila_teissieri,4,6,165,0.813,134.1,30.9,162.9,0.755,123,39.9,4.2,22.3,-18.111,4,Sophophora,XY,Female,Male,SophophoraFemale,SophophoraMale,SophophoraOther,4,6
Drosophila_mauritiana,4,6,164.9,0.83,136.9,28,162.6,0.83,135,27.6,4.6,3.8,0.782,4,Sophophora,XY,Female,Male,SophophoraFemale,SophophoraMale,SophophoraOther,4,6
Drosophila_sechellia,4,NA,208.3,0.7,145.8,62.5,190.9,0.69,131.7,59.2,34.8,28.2,6.622,4,Sophophora,XY,Female,Male,SophophoraFemale,SophophoraMale,SophophoraOther,4,
Drosophila_simulans,4,6,168.9,0.8,135.1,33.8,163.8,0.73,119.6,44.2,10.2,31.1,-20.892,4,Sophophora,XY,Female,Male,SophophoraFemale,SophophoraMale,SophophoraOther,4,6
Drosophila_melanogaster,4,6,174.5,0.818,142.7,31.8,172.1,0.73,125.6,46.5,4.9,34.2,-29.416,4,Sophophora,XY,Female,Male,SophophoraFemale,SophophoraMale,SophophoraOther,4,6
Drosophila_eugracilis,4,6,237.8,0.67,159.3,78.5,237.8,0.59,140.3,97.5,0,38,-38.048,3,Sophophora,XY,Female,Male,SophophoraFemale,SophophoraMale,SophophoraOther,4,6
Drosophila_paralutea,3,5,239.2,0.82,196.1,43.1,234.6,0.725,170.085,64.515,9.2,52.03,-42.83,3,Sophophora,XY,Female,Male,SophophoraFemale,SophophoraMale,SophophoraOther,3,5
Drosophila_prostipennis,3,5,245.5,0.76,186.6,58.9,239.8,0.72,172.7,67.1,11.4,27.8,-16.448,3,Sophophora,XY,Female,Male,SophophoraFemale,SophophoraMale,SophophoraOther,3,5
Drosophila_lutescens,4,6,229.6,0.82,188.3,41.3,231.9,0.75,173.925,57.975,-4.6,28.75,-33.35,4,Sophophora,XY,Female,Male,SophophoraFemale,SophophoraMale,SophophoraOther,4,6
Drosophila_takahashii,4,6,210.8,0.84,177.1,33.7,204,0.84,171.4,32.6,13.6,11.4,2.176,4,Sophophora,XY,Female,Male,SophophoraFemale,SophophoraMale,SophophoraOther,4,6
Drosophila_pseudotakahashii,4,6,212.2,NA,NA,NA,202.9,NA,NA,NA,18.6,NA,NA,4,Sophophora,XY,Other,Other,SophophoraOther,SophophoraOther,SophophoraOther,Other,6
Drosophila_mimetica,4,6,212.7,NA,NA,NA,208.3,NA,NA,NA,8.8,NA,NA,4,Sophophora,XY,Other,Other,SophophoraOther,SophophoraOther,SophophoraOther,Other,6
Drosophila_suzukii,4,6,342.8,NA,NA,NA,333.3,NA,NA,NA,18.9,NA,NA,4,Sophophora,XY,Other,Other,SophophoraOther,SophophoraOther,SophophoraOther,Other,6
Drosophila_lucipennis,3,5,274,0.74,202.8,71.2,274.1,0.7,191.9,82.2,-0.2,21.8,-21.98,3,Sophophora,XY,Female,Male,SophophoraFemale,SophophoraMale,SophophoraOther,3,5
Drosophila_elegans,5,5,218.5,0.77,168.2,50.3,217.9,0.7,152.5,65.4,1.2,31.4,-30.23,5,Sophophora,XY,Female,Male,SophophoraFemale,SophophoraMale,SophophoraOther,5,5
Drosophila_fuyamai,NA,NA,266.3,0.742,197.6,68.7,262.5,0.741,194.5,68,7.6,6.2,1.4358,NA,Sophophora,NA,Female,Male,SophophoraFemale,SophophoraMale,SophophoraOther,Other,NA
Drosophila_malerkotliana,4,8,221.8,0.76,168.6,53.2,215.9,0.76,164.1,51.8,11.8,9,2.832,4,Sophophora,XY,Female,Male,SophophoraFemale,SophophoraMale,SophophoraOther,4,8
Drosophila_bipectinata,4,8,213,0.8,170.4,42.6,208.9,0.78,162.9,46,8.2,14.9,-6.716,4,Sophophora,XY,Female,Male,SophophoraFemale,SophophoraMale,SophophoraOther,4,8
Drosophila_pseudoananassae,5,10,223.6,0.79,176.6,47,215.5,0.78,168.1,47.4,16.2,17.1,-0.908,5,Sophophora,XY,Female,Male,SophophoraFemale,SophophoraMale,SophophoraOther,5,10
Drosophila_pseudoananassae_nigrens,5,NA,224,NA,NA,NA,224,NA,NA,NA,0,NA,NA,5,Sophophora,XY,Other,Other,SophophoraOther,SophophoraOther,SophophoraOther,Other,NA
Drosophila_parabipectinata,4,8,241,0.77,185.6,55.4,235.1,0.75,176.3,58.8,11.8,18.5,-6.69,4,Sophophora,XY,Female,Male,SophophoraFemale,SophophoraMale,SophophoraOther,4,8
Drosophila_phaeopleura,4,8,202.9,NA,NA,NA,187.3,NA,NA,NA,31.3,NA,NA,4,Sophophora,XY,Other,Other,SophophoraOther,SophophoraOther,SophophoraOther,Other,8
Drosophila_atripex,4,8,198.2,0.82,162.5,35.7,194.8,0.802,156.2,38.6,6.8,12.6,-5.7888,4,Sophophora,XY,Female,Male,SophophoraFemale,SophophoraMale,SophophoraOther,4,8
Drosophila_ananassae,4,8,205.1,0.8,164.1,41,198.6,0.78,154.9,43.7,13,18.3,-5.344,4,Sophophora,XY,Female,Male,SophophoraFemale,SophophoraMale,SophophoraOther,4,8
Drosophila_pallidosa,4,8,194.1,NA,NA,NA,186.8,NA,NA,NA,14.7,NA,NA,4,Sophophora,XY,Other,Other,SophophoraOther,SophophoraOther,SophophoraOther,Other,8
Drosophila_ercepeae,4,8,224,NA,NA,NA,221,NA,NA,NA,5.9,NA,NA,4,Sophophora,XY,Other,Other,SophophoraOther,SophophoraOther,SophophoraOther,Other,8
Drosophila_varians,4,8,166.7,NA,NA,NA,156,NA,NA,NA,21.5,NA,NA,4,Sophophora,XY,Other,Other,SophophoraOther,SophophoraOther,SophophoraOther,Other,8
Drosophila_emarginata,3,5,218.4,0.8,174.7,43.7,211.7,0.69,146.1,65.6,13.4,57.3,-43.894,3,Sophophora,XY,Female,Male,SophophoraFemale,SophophoraMale,SophophoraOther,3,5
Drosophila_neocordata,3,5,219,0.82,179.6,39.4,219.8,0.693,152.3,67.5,-1.6,54.5,-56.1172,3,Sophophora,XY,Female,Male,SophophoraFemale,SophophoraMale,SophophoraOther,3,5
Drosophila_paulistorum,3,5,244.7,0.835,204.3,40.4,250.1,0.736,184.1,66,-10.8,40.5,-51.3018,3,Sophophora,XY,Female,Male,SophophoraFemale,SophophoraMale,SophophoraOther,3,5
Drosophila_equinoxialis,3,5,264.5,0.643,170.1,94.4,266.4,0.616,164.1,102.3,-3.8,11.9,-15.7422,3,Sophophora,XY,Female,Male,SophophoraFemale,SophophoraMale,SophophoraOther,3,5
Drosophila_capricorni,3,5,211.8,0.835,176.9,34.9,205.4,NA,NA,NA,12.9,NA,NA,3,Sophophora,XY,Female,Other,SophophoraFemale,SophophoraOther,SophophoraOther,3,5
Drosophila_sucinea,3,5,215.1,0.8,172.1,43,211.3,0.68,143.7,67.6,7.6,56.8,-49.192,3,Sophophora,XY,Female,Male,SophophoraFemale,SophophoraMale,SophophoraOther,3,5
Drosophila_nebulosa,4,7,211.5,0.684,144.7,66.8,203.1,0.625,126.9,76.2,16.8,35.5,-18.657,4,Sophophora,XY,Female,Male,SophophoraFemale,SophophoraMale,SophophoraOther,4,7
Hirtodrosophila_duncani,5,9,251.6,0.897,225.7,25.9,244.3,0.872,213,31.3,14.6,25.3,-10.7112,NA,Sophophora,NA,Female,Male,SophophoraFemale,SophophoraMale,Other,5,9
Scaptodrosophila_lebanonensis,4,7,257.2,NA,NA,NA,253.3,NA,NA,NA,7.8,NA,NA,NA,Outgroup,Neo,Other,Other,OutgroupFemale,OutgroupMale,Other,Other,7
Scaptodrosophila_pattersoni,4,7,251.9,NA,NA,NA,256.9,NA,NA,NA,-10,NA,NA,NA,Outgroup,NA,Other,Other,OutgroupFemale,OutgroupMale,Other,Other,7
Scaptodrosophila_stonei,4,7,206.8,NA,NA,NA,208.3,NA,NA,NA,-2.9,NA,NA,NA,Outgroup,NA,Other,Other,OutgroupOther,OutgroupOther,Other,Other,7
